Id,Förnamn,Efternamn,E-post,Användarnamn,Gafe-epostadress
2,Ahmad,Alhayel,ahmadalhayel20@gmail.com,02ahmalh,02ahmalh@gafe.molndal.se
5,Aram,Mohammed,Aram.10@hotmail.com,88aramoh,88aramoh@gafe.molndal.se
6,Clara,Brorson,clarabrorson@hotmail.com,88clabro,88clabro@gafe.molndal.se
7,Cristoffer,Östberg,Cristoffer_Ostberg85@hotmail.com,85criost,85criost@gafe.molndal.se
8,Ellen,Halvardsson,ellenhalvardsson@hotmail.com,96ellhal,96ellhal@gafe.molndal.se
9,Emil,Sivertsson,Emil.sivertsson@gmail.com,84emisiv,84emisiv@gafe.molndal.se
10,Fredrik,Rinstad,frdk@live.se,91frerin,91frerin@gafe.molndal.se
12,Hanadi,Snunu,h.anadii@hotmail.com,94hansnu,94hansnu@gafe.molndal.se
13,Jafar,Hussein,Jafarhussein6@gmail.com,00jafhus,00jafhus@gafe.molndal.se
14,Johan,Sjöberg Romeo,johan_romeo123@live.se,92johrom,92johrom@gafe.molndal.se
15,Jonas,Torjman,Jtskola0911@gmail.com,02jontor,02jontor@gafe.molndal.se
16,Kelly,Vass Andersson,kelly_vass@hotmail.com,99kelvas,99kelvas@gafe.molndal.se
17,Kerim,Kozo,kerim_kozo@hotmail.com,95kerkoz,95kerkoz@gafe.molndal.se
18,Kristian,Karlson,sppdc1@gmail.com,87krilar,87krilar@gafe.molndal.se
19,Kristoffer,Larsson,lilamoln.koffa@gmail.com,83krikar,83krikar@gafe.molndal.se
21,Majdi,Sharif,sharimajdi@gmail.com,86alesha,86alesha@gafe.molndal.se
22,Mohamad,Abou-Arab,hamodi-@live.se,93mohabo,93mohabo@gafe.molndal.se
24,Qussai,Khalil,qussaikhalil@icloud.com,90quskha,90quskha@gafe.molndal.se
25,Samer,Ismael,samerismaeelbat2@hotmail.com,92samism,92samism@gafe.molndal.se
27,Sandra,Jeppsson Kristiansson,taeanhpham@gmail.com,93sanjep,93sanjep@gafe.molndal.se
28,Vikram,Singh,xvikram96@gmail.com,96viksin,96viksin@gafe.molndal.se
29,Wakana,Sugihara,wakana.sugihara@gmail.com,83waksug,83waksug@gafe.molndal.se
